{"cameraMode":{"drawMode":0,"name":"Shaded","section":"Shading Mode"},"sceneLighting":false,"audioPlay":false,"sceneViewState":{"m_AlwaysRefresh":false,"showFog":true,"showSkybox":false,"showFlares":true,"showImageEffects":true,"showParticleSystems":true,"showVisualEffectGraphs":true,"m_FxEnabled":true},"in2DMode":false,"pivot":{"x":-1.6947059631347657,"y":0.12461137771606446,"z":0.014989852905273438},"rotation":{"x":-0.17920276522636414,"y":0.06752360612154007,"z":-0.012338684871792794,"w":-0.9814032912254334},"size":8.506118774414063,"orthographic":false}